horodatage,categorie,nom,epic,vente,achat,spread,var_pct,plus_haut,plus_bas,statut
2026-10-05 22:30,Indices,Germany 40,IX.D.DAX.IFMM.IP,25315.3,25323.4,8.1,0.29,25353.5,25241.1,TRADEABLE
2026-10-05 22:30,Indices,France 40,IX.D.CAC.IMF.IP,7853.4,7857.4,4.0,0.38,7866.0,7824.0,TRADEABLE
2026-10-05 22:30,Indices,EU Stocks 50,IX.D.STXE.IFD.IP,6262.48,6265.48,3.0,0.33,6268.93,6239.43,TRADEABLE
2026-10-05 22:30,Indices,FTSE 100,IX.D.FTSE.IFE.IP,10524.4,10529.4,5.0,0.34,10542.0,10487.2,TRADEABLE
2026-10-05 22:30,Indices,US 500,IX.D.SPTRD.IFE.IP,7775.31,7776.91,1.6,-0.02,7778.74,7774.14,TRADEABLE
2026-10-05 22:30,Indices,US Tech 100,IX.D.NASDAQ.IFE.IP,31083.8,31086.3,2.5,0,31093.8,31064.9,TRADEABLE
2026-10-05 22:30,Indices,Wall Street,IX.D.DOW.IFE.IP,51285.8,51291.8,6.0,0.03,51297.7,51258.7,TRADEABLE
2026-10-05 22:30,Indices,Japan 225,IX.D.NIKKEI.IFD.IP,70024.8,70031.8,7.0,0.06,70191.0,69597.7,TRADEABLE
2026-10-05 22:30,Matières premières,Spot Gold,CS.D.CFEGOLD.CEF.IP,4140.38,4141.38,1.0,-0.07,4170.95,4122.85,TRADEABLE
