date,cloture,plus_bas,zone,achat,stop,etat
2026-10-05,31076,30798,Zone 1,30700,30200,en attente
2026-10-05,31076,30798,Zone 2 (meilleure),29950,29400,en attente
2026-10-05,31076,30798,Zone 3,29500,28950,en attente
2026-10-05,31076,30798,Zone 4,28750,28100,en attente
2026-10-06,31225,31208,Zone 1,30700,30200,en attente
2026-10-06,31225,31208,Zone 2 (meilleure),29950,29400,en attente
2026-10-06,31225,31208,Zone 3,29500,28950,en attente
2026-10-06,31225,31208,Zone 4,28750,28100,en attente
2026-10-07,31160,30904,Zone 1,30700,30200,en attente
2026-10-07,31160,30904,Zone 2 (meilleure),29950,29400,en attente
2026-10-07,31160,30904,Zone 3,29500,28950,en attente
2026-10-07,31160,30904,Zone 4,28750,28100,en attente
2026-10-08,30726,30556,Zone 1,30700,30200,touchée
2026-10-08,30726,30556,Zone 2 (meilleure),29950,29400,en attente
2026-10-08,30726,30556,Zone 3,29500,28950,en attente
2026-10-08,30726,30556,Zone 4,28750,28100,en attente
2026-10-09,30883,30770,Zone 1,30700,30200,en attente
2026-10-09,30883,30770,Zone 2 (meilleure),29950,29400,en attente
2026-10-09,30883,30770,Zone 3,29500,28950,en attente
2026-10-09,30883,30770,Zone 4,28750,28100,en attente
